,company_id,name,job_id,title,formatted_experience_level,location,work_type,remote_allowed,skill_abr,max_salary,med_salary,min_salary,work_life_balance,comp_benefits,career_opp,job_posting_url
0,1009,ibm,3748840402,Technology Sales Specialist - Environmental Intelligence Suite,,"New York, NY",FULL_TIME,,SALE,257000.0,,137000.0,5.0,4.0,4.0,https://www.linkedin.com/jobs/view/3748840402/?trk=jobs_biz_prem_srch
1,1009,ibm,3748835659,Technology Sales Specialist - Environmental Intelligence Suite,,"St Louis, MO",FULL_TIME,,SALE,257000.0,,137000.0,5.0,4.0,4.0,https://www.linkedin.com/jobs/view/3748835659/?trk=jobs_biz_prem_srch
2,1009,ibm,3748834909,Site Reliability Engineer,,"Austin, TX",FULL_TIME,,IT,192000.0,,102000.0,5.0,4.0,4.0,https://www.linkedin.com/jobs/view/3748834909/?trk=jobs_biz_prem_srch
3,1009,ibm,3748834907,Software Developer,,"Austin, TX",FULL_TIME,,IT,192000.0,,102000.0,5.0,4.0,4.0,https://www.linkedin.com/jobs/view/3748834907/?trk=jobs_biz_prem_srch
4,1009,ibm,3694122103,Application Architect - IBM Maximo,,"Dallas, TX",FULL_TIME,,IT,190000.0,,102000.0,5.0,4.0,4.0,https://www.linkedin.com/jobs/view/3694122103/?trk=jobs_biz_prem_srch
5,1009,ibm,3694122101,Postdoctoral Researcher - Biosensors,,"Yorktown Heights, NY",FULL_TIME,,SCI,187920.0,,125280.0,5.0,4.0,4.0,https://www.linkedin.com/jobs/view/3694122101/?trk=jobs_biz_prem_srch
6,1009,ibm,3694122096,RPA/Automation Developer,,"Herndon, VA",FULL_TIME,,OTHR,151000.0,,81000.0,5.0,4.0,4.0,https://www.linkedin.com/jobs/view/3694122096/?trk=jobs_biz_prem_srch
7,1009,ibm,3694121190,RPA/Automation Developer,,"Hampton, VA",FULL_TIME,,OTHR,151000.0,,81000.0,5.0,4.0,4.0,https://www.linkedin.com/jobs/view/3694121190/?trk=jobs_biz_prem_srch
8,1009,ibm,3694120253,Application Architect - IBM Maximo,,"San Francisco, CA",FULL_TIME,,IT,190000.0,,102000.0,5.0,4.0,4.0,https://www.linkedin.com/jobs/view/3694120253/?trk=jobs_biz_prem_srch
9,1009,ibm,3694119354,Project Manager - Maximo,,"Chicago, IL",FULL_TIME,,IT,173000.0,,93000.0,5.0,4.0,4.0,https://www.linkedin.com/jobs/view/3694119354/?trk=jobs_biz_prem_srch
10,1009,ibm,3694119351,Application Architect - IBM Maximo,,"Atlanta, GA",FULL_TIME,,IT,190000.0,,102000.0,5.0,4.0,4.0,https://www.linkedin.com/jobs/view/3694119351/?trk=jobs_biz_prem_srch
11,1009,ibm,3694118788,Process Innovation Professional,,"Raleigh, NC",FULL_TIME,,BD,154000.0,,82000.0,5.0,4.0,4.0,https://www.linkedin.com/jobs/view/3694118788/?trk=jobs_biz_prem_srch
12,1009,ibm,3694117821,Project Manager - Maximo,,"San Francisco, CA",FULL_TIME,,IT,173000.0,,93000.0,5.0,4.0,4.0,https://www.linkedin.com/jobs/view/3694117821/?trk=jobs_biz_prem_srch
13,1009,ibm,3694116841,IBM Financing Consolidation Accounting Analyst,,"Armonk, NY",FULL_TIME,,FIN,128000.0,,68000.0,5.0,4.0,4.0,https://www.linkedin.com/jobs/view/3694116841/?trk=jobs_biz_prem_srch
14,1009,ibm,3694116817,Project Manager - Maximo,,"Atlanta, GA",FULL_TIME,,IT,173000.0,,93000.0,5.0,4.0,4.0,https://www.linkedin.com/jobs/view/3694116817/?trk=jobs_biz_prem_srch
15,1009,ibm,3694116815,Sales Reporting Professional,,"Raleigh, NC",FULL_TIME,,BD,167000.0,,89000.0,5.0,4.0,4.0,https://www.linkedin.com/jobs/view/3694116815/?trk=jobs_biz_prem_srch
16,1009,ibm,3694116814,Application Architect - IBM Maximo,,"Chicago, IL",FULL_TIME,,IT,190000.0,,102000.0,5.0,4.0,4.0,https://www.linkedin.com/jobs/view/3694116814/?trk=jobs_biz_prem_srch
17,1009,ibm,3694116807,Project Manager - Maximo,,"Dallas, TX",FULL_TIME,,IT,173000.0,,93000.0,5.0,4.0,4.0,https://www.linkedin.com/jobs/view/3694116807/?trk=jobs_biz_prem_srch
18,1009,ibm,3694116806,Technical Consultant - zOS (TS/SCI),,"Annapolis Junction, MD",FULL_TIME,,IT,235000.0,,126000.0,5.0,4.0,4.0,https://www.linkedin.com/jobs/view/3694116806/?trk=jobs_biz_prem_srch
19,1009,ibm,3694115832,IBM SAP Defense & Security-Logistics/Maintenance,,"Annapolis Junction, MD",FULL_TIME,,IT,145000.0,,78000.0,5.0,4.0,4.0,https://www.linkedin.com/jobs/view/3694115832/?trk=jobs_biz_prem_srch
1208720,1028,oracle,3757450597,Director Program Management (Agile Coaching) ,Director,"Redwood City, CA",FULL_TIME,,IT TRNG,,,,4.0,3.0,3.0,https://www.linkedin.com/jobs/view/3757450597/?trk=jobs_biz_prem_srch
1208721,1028,oracle,3757446956,Director Program Management (Agile Coaching) ,Director,"Redwood City, CA",FULL_TIME,,IT TRNG,,,,4.0,3.0,3.0,https://www.linkedin.com/jobs/view/3757446956/?trk=jobs_biz_prem_srch
1208722,1028,oracle,3749908113,"Senior Director, Security Architecture",Director,United States,FULL_TIME,1.0,OTHR IT MGMT,,,,4.0,3.0,3.0,https://www.linkedin.com/jobs/view/3749908113/?trk=jobs_biz_prem_srch
1208723,1028,oracle,3749906165,OCI Principal/Senior Principal Product Manager,Mid-Senior level,United States,FULL_TIME,1.0,PRDM MRKT,,,,4.0,3.0,3.0,https://www.linkedin.com/jobs/view/3749906165/?trk=jobs_biz_prem_srch
1208724,1028,oracle,3748850229,Senior Software Engineer,Mid-Senior level,United States,FULL_TIME,1.0,ENG IT,,,,4.0,3.0,3.0,https://www.linkedin.com/jobs/view/3748850229/?trk=jobs_biz_prem_srch
1208725,1028,oracle,3748841349,"Senior Consultant, Oncology & Specialty Therapeutics",Mid-Senior level,United States,FULL_TIME,1.0,CNSL,,,,4.0,3.0,3.0,https://www.linkedin.com/jobs/view/3748841349/?trk=jobs_biz_prem_srch
1208726,1028,oracle,3748840539,Technical Support Analyst - Database Security,Entry level,"Lehi, UT",FULL_TIME,,IT,63.46,,26.92,4.0,3.0,3.0,https://www.linkedin.com/jobs/view/3748840539/?trk=jobs_biz_prem_srch
1208727,1028,oracle,3748836817,Transformation Assurance - Value Director (REMOTE),Director,United States,FULL_TIME,1.0,SALE,,,,4.0,3.0,3.0,https://www.linkedin.com/jobs/view/3748836817/?trk=jobs_biz_prem_srch
1208728,1028,oracle,3701331108,Senior Software Engineer - Cloud Data Center,Mid-Senior level,"Austin, Texas Metropolitan Area",FULL_TIME,,IT DSGN ENG,,,,4.0,3.0,3.0,https://www.linkedin.com/jobs/view/3701331108/?trk=jobs_biz_prem_srch
1208729,1028,oracle,3701326902,Principal Software Engineer - Cloud Data Center,Mid-Senior level,Greater Seattle Area,FULL_TIME,,IT DSGN ENG,,,,4.0,3.0,3.0,https://www.linkedin.com/jobs/view/3701326902/?trk=jobs_biz_prem_srch
1208730,1028,oracle,3701148901,Public Safety Applications Sales Representative (FL/GA),Associate,"Florida, United States",FULL_TIME,1.0,SALE IT,,,,4.0,3.0,3.0,https://www.linkedin.com/jobs/view/3701148901/?trk=jobs_biz_prem_srch
1568695,1038,deloitte,3749352943,PeopleSoft Functional Payroll Module Lead,,"Baltimore City County, MD",FULL_TIME,,HR,210000.0,,114000.0,4.0,4.0,5.0,https://www.linkedin.com/jobs/view/3749352943/?trk=jobs_biz_prem_srch
1568696,1038,deloitte,3694117016,Oracle Cloud Security and Risk Management Manager,,"Bentonville, AR",FULL_TIME,,IT,,,,4.0,4.0,5.0,https://www.linkedin.com/jobs/view/3694117016/?trk=jobs_biz_prem_srch
1568697,1038,deloitte,3694116043,Oracle Cloud Security and Risk Management Manager,,"Atlanta, GA",FULL_TIME,,IT,,,,4.0,4.0,5.0,https://www.linkedin.com/jobs/view/3694116043/?trk=jobs_biz_prem_srch
1568698,1038,deloitte,3694116036,Oracle Cloud Security and Risk Management Manager,,"Austin, TX",FULL_TIME,,IT,,,,4.0,4.0,5.0,https://www.linkedin.com/jobs/view/3694116036/?trk=jobs_biz_prem_srch
1568699,1038,deloitte,3694115064,Oracle Cloud Security and Risk Management Manager,,"Tallahassee, FL",FULL_TIME,,IT,,,,4.0,4.0,5.0,https://www.linkedin.com/jobs/view/3694115064/?trk=jobs_biz_prem_srch
1568700,1038,deloitte,3694115060,Oracle Cloud Security and Risk Management Manager,,"Kansas City, MO",FULL_TIME,,IT,,,,4.0,4.0,5.0,https://www.linkedin.com/jobs/view/3694115060/?trk=jobs_biz_prem_srch
1568701,1038,deloitte,3694115044,Oracle Cloud Security and Risk Management Manager,,"Alexandria, VA",FULL_TIME,,IT,,,,4.0,4.0,5.0,https://www.linkedin.com/jobs/view/3694115044/?trk=jobs_biz_prem_srch
1568702,1038,deloitte,3694115040,Oracle Cloud Security and Risk Management Manager,,Greater Houston,FULL_TIME,,IT,,,,4.0,4.0,5.0,https://www.linkedin.com/jobs/view/3694115040/?trk=jobs_biz_prem_srch
1568703,1038,deloitte,3694114267,Oracle Cloud Security and Risk Management Manager,,"Cincinnati, OH",FULL_TIME,,IT,,,,4.0,4.0,5.0,https://www.linkedin.com/jobs/view/3694114267/?trk=jobs_biz_prem_srch
1568704,1038,deloitte,3694114264,Oracle Cloud Security and Risk Management Manager,,"Richmond, VA",FULL_TIME,,IT,,,,4.0,4.0,5.0,https://www.linkedin.com/jobs/view/3694114264/?trk=jobs_biz_prem_srch
1568705,1038,deloitte,3694113357,Oracle Cloud Security and Risk Management Manager,,"Falls Church, VA",FULL_TIME,,IT,,,,4.0,4.0,5.0,https://www.linkedin.com/jobs/view/3694113357/?trk=jobs_biz_prem_srch
1568706,1038,deloitte,3694113352,Oracle Cloud Security and Risk Management Manager,,"Arlington, VA",FULL_TIME,,IT,,,,4.0,4.0,5.0,https://www.linkedin.com/jobs/view/3694113352/?trk=jobs_biz_prem_srch
1568707,1038,deloitte,3694112405,Oracle Cloud Security and Risk Management Manager,,"Grand Rapids, MI",FULL_TIME,,IT,,,,4.0,4.0,5.0,https://www.linkedin.com/jobs/view/3694112405/?trk=jobs_biz_prem_srch
1568708,1038,deloitte,3694112397,Oracle Cloud Security and Risk Management Manager,,"Columbus, OH",FULL_TIME,,IT,,,,4.0,4.0,5.0,https://www.linkedin.com/jobs/view/3694112397/?trk=jobs_biz_prem_srch
1568709,1038,deloitte,3694112396,Oracle Cloud Security and Risk Management Manager,,"Hartford, CT",FULL_TIME,,IT,,,,4.0,4.0,5.0,https://www.linkedin.com/jobs/view/3694112396/?trk=jobs_biz_prem_srch
1568710,1038,deloitte,3694111576,Oracle Cloud Security and Risk Management Manager,,Miami-Fort Lauderdale Area,FULL_TIME,,IT,,,,4.0,4.0,5.0,https://www.linkedin.com/jobs/view/3694111576/?trk=jobs_biz_prem_srch
1568711,1038,deloitte,3694109981,Oracle Cloud Security and Risk Management Manager,,"Darien, CT",FULL_TIME,,IT,,,,4.0,4.0,5.0,https://www.linkedin.com/jobs/view/3694109981/?trk=jobs_biz_prem_srch
2400837,1115,sap,3756110098,Delivery Executive - Lockheed Martin,,"Newtown Square, PA",FULL_TIME,,CUST,571700.0,,240900.0,5.0,3.0,4.0,https://www.linkedin.com/jobs/view/3756110098/?trk=jobs_biz_prem_srch
2400838,1115,sap,3756104834,SAP NS2 Multi-Tenant Cloud Project Manager-Virtual,,"Herndon, VA",FULL_TIME,,IT,400000.0,,64400.0,5.0,3.0,4.0,https://www.linkedin.com/jobs/view/3756104834/?trk=jobs_biz_prem_srch
2400839,1115,sap,3754508167,"SAP iXp Intern - East Market Unit, Demand Generation",,"Newtown Square, PA",FULL_TIME,,ADM,,62.0,,5.0,3.0,4.0,https://www.linkedin.com/jobs/view/3754508167/?trk=jobs_biz_prem_srch
2400840,1115,sap,3754508161,SAP iXp Intern - Digital Business Services Associate,,"Newtown Square, PA",FULL_TIME,,ADM,62.0,,15.0,5.0,3.0,4.0,https://www.linkedin.com/jobs/view/3754508161/?trk=jobs_biz_prem_srch
2400841,1115,sap,3754505490,Cloud Delivery Specialist - SAP Basis Expert,,"Newtown Square, PA",FULL_TIME,1.0,IT,400000.0,,102800.0,5.0,3.0,4.0,https://www.linkedin.com/jobs/view/3754505490/?trk=jobs_biz_prem_srch
2400842,1115,sap,3699075216,S/4HANA Public Cloud Enterprise Architect - West,,"Palo Alto, CA",FULL_TIME,,SALE BD,400000.0,,175200.0,5.0,3.0,4.0,https://www.linkedin.com/jobs/view/3699075216/?trk=jobs_biz_prem_srch
2400843,1115,sap,3699074226,Sales Development Specialist,,"Tempe, AZ",FULL_TIME,,SALE,400000.0,,42900.0,5.0,3.0,4.0,https://www.linkedin.com/jobs/view/3699074226/?trk=jobs_biz_prem_srch
2400844,1115,sap,3699071946,Digital Experiences Analytics Senior Manager,,"New York, NY",FULL_TIME,,MRKT,400000.0,,113700.0,5.0,3.0,4.0,https://www.linkedin.com/jobs/view/3699071946/?trk=jobs_biz_prem_srch
2400845,1115,sap,3697388084,Digital Presales Specialist Solution Advisor,,"Burlington, MA",FULL_TIME,,SALE BD,400000.0,,84700.0,5.0,3.0,4.0,https://www.linkedin.com/jobs/view/3697388084/?trk=jobs_biz_prem_srch
2400846,1115,sap,3697381922,Business Process Consultant-Order to Cash - CoE,,"Newtown Square, PA",FULL_TIME,,CUST,152200.0,,66800.0,5.0,3.0,4.0,https://www.linkedin.com/jobs/view/3697381922/?trk=jobs_biz_prem_srch
2649341,1441,google,3756159409,"Commercial Counsel, Android, Google Play",,"Chicago, IL",FULL_TIME,,LGL PR,318000.0,,217000.0,4.0,4.0,4.0,https://www.linkedin.com/jobs/view/3756159409/?trk=jobs_biz_prem_srch
2649342,1441,google,3756114129,"Senior Product Manager, On-Device Machine Learning",Mid-Senior level,"Sunnyvale, CA",FULL_TIME,,PRDM ENG,252000.0,,164000.0,4.0,4.0,4.0,https://www.linkedin.com/jobs/view/3756114129/?trk=jobs_biz_prem_srch
2649343,1441,google,3756112180,"Technical Program Manager III, Infrastructure Engineering, Google Cloud",,"Seattle, WA",FULL_TIME,,PRJM STRA OTHR,208000.0,,139000.0,4.0,4.0,4.0,https://www.linkedin.com/jobs/view/3756112180/?trk=jobs_biz_prem_srch
2649344,1441,google,3756110400,"Senior UX Researcher, Google Cloud",Mid-Senior level,"Kirkland, WA",FULL_TIME,,ART DSGN ENG,208000.0,,139000.0,4.0,4.0,4.0,https://www.linkedin.com/jobs/view/3756110400/?trk=jobs_biz_prem_srch
2649345,1441,google,3756110378,"Technical Program Manager III, Networking, Google Cloud",,"Sunnyvale, CA",FULL_TIME,,PRJM STRA OTHR,208000.0,,139000.0,4.0,4.0,4.0,https://www.linkedin.com/jobs/view/3756110378/?trk=jobs_biz_prem_srch
2649346,1441,google,3756110222,"Senior Software Engineer, Google Cloud Storage",Mid-Senior level,"Raleigh, NC",FULL_TIME,,IT ENG,235000.0,,157000.0,4.0,4.0,4.0,https://www.linkedin.com/jobs/view/3756110222/?trk=jobs_biz_prem_srch
2649347,1441,google,3756110210,"Group Outbound Product Manager, Cloud Databases, Google Cloud",,"Austin, TX",FULL_TIME,,PRDM ENG,306000.0,,208000.0,4.0,4.0,4.0,https://www.linkedin.com/jobs/view/3756110210/?trk=jobs_biz_prem_srch
2649348,1441,google,3756109561,"Senior Product Manager, Google Cloud",Mid-Senior level,"San Francisco, CA",FULL_TIME,,PRDM ENG,252000.0,,164000.0,4.0,4.0,4.0,https://www.linkedin.com/jobs/view/3756109561/?trk=jobs_biz_prem_srch
2649349,1441,google,3756108520,"Survey Research Scientist, Ads Marketing",,"San Francisco, CA",FULL_TIME,,SALE ADVR MRKT,190000.0,,126000.0,4.0,4.0,4.0,https://www.linkedin.com/jobs/view/3756108520/?trk=jobs_biz_prem_srch
2649350,1441,google,3756108480,"Software Engineering Manager II, Machine Learning, Google Cloud",,"Sunnyvale, CA",FULL_TIME,,IT ENG,283000.0,,185000.0,4.0,4.0,4.0,https://www.linkedin.com/jobs/view/3756108480/?trk=jobs_biz_prem_srch
2649351,1441,google,3756107446,"Software Engineer III, Mobile (iOS), Nest",,"Mountain View, CA",FULL_TIME,,IT ENG,194000.0,,133000.0,4.0,4.0,4.0,https://www.linkedin.com/jobs/view/3756107446/?trk=jobs_biz_prem_srch
2649352,1441,google,3756106806,"Sales Operations Specialist, Channel Partners, Public Sector",,"New York, NY",FULL_TIME,,SALE ADVR CUST,207000.0,,138000.0,4.0,4.0,4.0,https://www.linkedin.com/jobs/view/3756106806/?trk=jobs_biz_prem_srch
2649353,1441,google,3756105731,"Senior Staff Software Engineer, Full Stack, Google Workspace",Mid-Senior level,"New York, NY",FULL_TIME,,IT ENG,339000.0,,231000.0,4.0,4.0,4.0,https://www.linkedin.com/jobs/view/3756105731/?trk=jobs_biz_prem_srch
2649354,1441,google,3756104936,"Software Engineer III, Google Cloud Security and Privacy",,"Virginia, United States",FULL_TIME,1.0,IT ENG,194000.0,,133000.0,4.0,4.0,4.0,https://www.linkedin.com/jobs/view/3756104936/?trk=jobs_biz_prem_srch
2649355,1441,google,3699427060,"Partner Development Manager, Public Sector",,"New York, NY",FULL_TIME,,GENB STRA CNSL,212000.0,,138000.0,4.0,4.0,4.0,https://www.linkedin.com/jobs/view/3699427060/?trk=jobs_biz_prem_srch
2649356,1441,google,3699427059,"Partner Development Manager, Public Sector",,"Chicago, IL",FULL_TIME,,GENB STRA CNSL,212000.0,,138000.0,4.0,4.0,4.0,https://www.linkedin.com/jobs/view/3699427059/?trk=jobs_biz_prem_srch
2649357,1441,google,3699426118,"Partner Development Manager, Public Sector",,"Sunnyvale, CA",FULL_TIME,,GENB STRA CNSL,212000.0,,138000.0,4.0,4.0,4.0,https://www.linkedin.com/jobs/view/3699426118/?trk=jobs_biz_prem_srch
2649358,1441,google,3699425307,"Partner Development Manager, Public Sector",,"Atlanta, GA",FULL_TIME,,GENB STRA CNSL,212000.0,,138000.0,4.0,4.0,4.0,https://www.linkedin.com/jobs/view/3699425307/?trk=jobs_biz_prem_srch
2649359,1441,google,3699423059,"Regional Delivery Lead, Cloud Learning Services",Mid-Senior level,"Atlanta, GA",FULL_TIME,,PRJM STRA OTHR,232000.0,,151000.0,4.0,4.0,4.0,https://www.linkedin.com/jobs/view/3699423059/?trk=jobs_biz_prem_srch
2649360,1441,google,3699422441,"Partner Development Manager, Public Sector",,"Mountain View, CA",FULL_TIME,,GENB STRA CNSL,212000.0,,138000.0,4.0,4.0,4.0,https://www.linkedin.com/jobs/view/3699422441/?trk=jobs_biz_prem_srch
2649361,1441,google,3699422166,"Software Engineer III, Full Stack, Google Cloud Application Modernization",,"Cambridge, MA",FULL_TIME,,IT ENG,194000.0,,133000.0,4.0,4.0,4.0,https://www.linkedin.com/jobs/view/3699422166/?trk=jobs_biz_prem_srch
2649362,1441,google,3699422165,"Software Engineer III, Full Stack, Google Cloud Application Modernization",,"New York, NY",FULL_TIME,,IT ENG,194000.0,,133000.0,4.0,4.0,4.0,https://www.linkedin.com/jobs/view/3699422165/?trk=jobs_biz_prem_srch
2649363,1441,google,3699422109,"Regional Delivery Lead, Cloud Learning Services",Mid-Senior level,"Austin, TX",FULL_TIME,,PRJM STRA OTHR,232000.0,,151000.0,4.0,4.0,4.0,https://www.linkedin.com/jobs/view/3699422109/?trk=jobs_biz_prem_srch
2649364,1441,google,3699421613,ASIC Design Verification Engineer,,"Sunnyvale, CA",FULL_TIME,,OTHR IT ENG,152000.0,,105000.0,4.0,4.0,4.0,https://www.linkedin.com/jobs/view/3699421613/?trk=jobs_biz_prem_srch
2649365,1441,google,3699421413,"UX Researcher, Pixel",,"Mountain View, CA",FULL_TIME,,ART DSGN ENG,172000.0,,118000.0,4.0,4.0,4.0,https://www.linkedin.com/jobs/view/3699421413/?trk=jobs_biz_prem_srch
2649366,1441,google,3699420734,"Data Center Facilities Technician, Controls",,"Red Oak, TX",FULL_TIME,,IT ENG,110000.0,,77000.0,4.0,4.0,4.0,https://www.linkedin.com/jobs/view/3699420734/?trk=jobs_biz_prem_srch
2649367,1441,google,3699419752,"Regional Delivery Lead, Cloud Learning Services",Mid-Senior level,"Boulder, CO",FULL_TIME,,PRJM STRA OTHR,232000.0,,151000.0,4.0,4.0,4.0,https://www.linkedin.com/jobs/view/3699419752/?trk=jobs_biz_prem_srch
2649368,1441,google,3699417929,"Regional Delivery Lead, Cloud Learning Services",Mid-Senior level,"Chicago, IL",FULL_TIME,,PRJM STRA OTHR,232000.0,,151000.0,4.0,4.0,4.0,https://www.linkedin.com/jobs/view/3699417929/?trk=jobs_biz_prem_srch
2649369,1441,google,3699085199,"Software Engineer III, Mobile, Android",,"Seattle, WA",FULL_TIME,,IT ENG,194000.0,,133000.0,4.0,4.0,4.0,https://www.linkedin.com/jobs/view/3699085199/?trk=jobs_biz_prem_srch
2649370,1441,google,3699085090,"Software Engineering Manager II, Google Cloud Unified Fulfillment Optimization",,"Kirkland, WA",FULL_TIME,,IT ENG,283000.0,,185000.0,4.0,4.0,4.0,https://www.linkedin.com/jobs/view/3699085090/?trk=jobs_biz_prem_srch
2649371,1441,google,3699085089,"Software Engineering Manager II, Google Cloud Unified Fulfillment Optimization",,"Seattle, WA",FULL_TIME,,IT ENG,283000.0,,185000.0,4.0,4.0,4.0,https://www.linkedin.com/jobs/view/3699085089/?trk=jobs_biz_prem_srch
2649372,1441,google,3699082641,"Strategic Advisor, Strategy and Operations, Google Play Games",,"Mountain View, CA",FULL_TIME,,CUST PRDM,167000.0,,114000.0,4.0,4.0,4.0,https://www.linkedin.com/jobs/view/3699082641/?trk=jobs_biz_prem_srch
2649373,1441,google,3699082354,"Senior UX Researcher, Pixel",Mid-Senior level,"Mountain View, CA",FULL_TIME,,ART DSGN ENG,208000.0,,139000.0,4.0,4.0,4.0,https://www.linkedin.com/jobs/view/3699082354/?trk=jobs_biz_prem_srch
2649374,1441,google,3699081609,"Software Engineer III, Mobile, Android",,"Mountain View, CA",FULL_TIME,,IT ENG,194000.0,,133000.0,4.0,4.0,4.0,https://www.linkedin.com/jobs/view/3699081609/?trk=jobs_biz_prem_srch
2649375,1441,google,3699081318,"Product Analyst Manager II, Data Science",,"Seattle, WA",FULL_TIME,,GENB STRA CNSL,252000.0,,164000.0,4.0,4.0,4.0,https://www.linkedin.com/jobs/view/3699081318/?trk=jobs_biz_prem_srch
2649376,1441,google,3699081039,Senior Data Scientist,Mid-Senior level,"Sunnyvale, CA",FULL_TIME,,GENB STRA CNSL,220000.0,,146000.0,4.0,4.0,4.0,https://www.linkedin.com/jobs/view/3699081039/?trk=jobs_biz_prem_srch
2649377,1441,google,3699080682,"Software Engineering Manager II, Google Cloud Unified Fulfillment Optimization",,"Sunnyvale, CA",FULL_TIME,,IT ENG,283000.0,,185000.0,4.0,4.0,4.0,https://www.linkedin.com/jobs/view/3699080682/?trk=jobs_biz_prem_srch
2649378,1441,google,3699080477,"Product Analyst Manager II, Data Science",,"New York, NY",FULL_TIME,,GENB STRA CNSL,252000.0,,164000.0,4.0,4.0,4.0,https://www.linkedin.com/jobs/view/3699080477/?trk=jobs_biz_prem_srch
2649379,1441,google,3699080459,"Senior Software Engineer, AR",Mid-Senior level,"Cambridge, MA",FULL_TIME,,IT ENG,235000.0,,157000.0,4.0,4.0,4.0,https://www.linkedin.com/jobs/view/3699080459/?trk=jobs_biz_prem_srch
2649380,1441,google,3699080440,"Senior Software Engineer, AR",Mid-Senior level,"Mountain View, CA",FULL_TIME,,IT ENG,235000.0,,157000.0,4.0,4.0,4.0,https://www.linkedin.com/jobs/view/3699080440/?trk=jobs_biz_prem_srch
2649381,1441,google,3699080250,"Interaction Designer, Google Cloud",,"Boulder, CO",FULL_TIME,,ART DSGN ENG,172000.0,,118000.0,4.0,4.0,4.0,https://www.linkedin.com/jobs/view/3699080250/?trk=jobs_biz_prem_srch
2649382,1441,google,3699079423,Senior Data Scientist,Mid-Senior level,"Los Angeles, CA",FULL_TIME,,GENB STRA CNSL,220000.0,,146000.0,4.0,4.0,4.0,https://www.linkedin.com/jobs/view/3699079423/?trk=jobs_biz_prem_srch
2649383,1441,google,3699079410,"Cloud Customer Engineer, Data Management, Google Cloud",,"Atlanta, GA",FULL_TIME,,PRJM CNSL ENG,177000.0,,118000.0,4.0,4.0,4.0,https://www.linkedin.com/jobs/view/3699079410/?trk=jobs_biz_prem_srch
2649384,1441,google,3699078768,Data Center Technician,,"Pryor, OK",FULL_TIME,,IT ENG,105000.0,,63000.0,4.0,4.0,4.0,https://www.linkedin.com/jobs/view/3699078768/?trk=jobs_biz_prem_srch
2649385,1441,google,3699078649,"Product Analyst Manager II, Data Science",,"Kirkland, WA",FULL_TIME,,GENB STRA CNSL,252000.0,,164000.0,4.0,4.0,4.0,https://www.linkedin.com/jobs/view/3699078649/?trk=jobs_biz_prem_srch
2649386,1441,google,3699078648,"Product Analyst Manager II, Data Science",,"Mountain View, CA",FULL_TIME,,GENB STRA CNSL,252000.0,,164000.0,4.0,4.0,4.0,https://www.linkedin.com/jobs/view/3699078648/?trk=jobs_biz_prem_srch
2649387,1441,google,3699078501,"Technical Program Manager III, Cloud Networking, Edge Capacity",,"Atlanta, GA",FULL_TIME,,PRJM STRA OTHR,208000.0,,139000.0,4.0,4.0,4.0,https://www.linkedin.com/jobs/view/3699078501/?trk=jobs_biz_prem_srch
2649388,1441,google,3699078495,"Staff Connectivity Security Researcher, Google Pixel",,"Mountain View, CA",FULL_TIME,,IT ENG,283000.0,,185000.0,4.0,4.0,4.0,https://www.linkedin.com/jobs/view/3699078495/?trk=jobs_biz_prem_srch
2649389,1441,google,3699078392,Senior Data Scientist,Mid-Senior level,"San Diego, CA",FULL_TIME,,GENB STRA CNSL,220000.0,,146000.0,4.0,4.0,4.0,https://www.linkedin.com/jobs/view/3699078392/?trk=jobs_biz_prem_srch
2649390,1441,google,3699078388,"Interaction Designer, Google Cloud",,"Sunnyvale, CA",FULL_TIME,,ART DSGN ENG,172000.0,,118000.0,4.0,4.0,4.0,https://www.linkedin.com/jobs/view/3699078388/?trk=jobs_biz_prem_srch
2649391,1441,google,3699078378,"Cloud Customer Engineer, Data Management, Google Cloud",,"Reston, VA",FULL_TIME,,PRJM CNSL ENG,177000.0,,118000.0,4.0,4.0,4.0,https://www.linkedin.com/jobs/view/3699078378/?trk=jobs_biz_prem_srch
2649392,1441,google,3699077715,"Staff Connectivity Security Researcher, Google Pixel",,"San Diego, CA",FULL_TIME,,IT ENG,283000.0,,185000.0,4.0,4.0,4.0,https://www.linkedin.com/jobs/view/3699077715/?trk=jobs_biz_prem_srch
2649393,1441,google,3699077714,"Staff Connectivity Security Researcher, Google Pixel",,"Chicago, IL",FULL_TIME,,IT ENG,283000.0,,185000.0,4.0,4.0,4.0,https://www.linkedin.com/jobs/view/3699077714/?trk=jobs_biz_prem_srch
2649394,1441,google,3699077628,"Data Engineer, Google Nest",,"Mountain View, CA",FULL_TIME,,PRJM CNSL ENG,169000.0,,115000.0,4.0,4.0,4.0,https://www.linkedin.com/jobs/view/3699077628/?trk=jobs_biz_prem_srch
2649395,1441,google,3699077610,Senior Data Scientist,Mid-Senior level,"Austin, TX",FULL_TIME,,GENB STRA CNSL,220000.0,,146000.0,4.0,4.0,4.0,https://www.linkedin.com/jobs/view/3699077610/?trk=jobs_biz_prem_srch
2649396,1441,google,3699076767,"Technical Program Manager III, Cloud Networking, Edge Capacity",,"Reston, VA",FULL_TIME,,PRJM STRA OTHR,208000.0,,139000.0,4.0,4.0,4.0,https://www.linkedin.com/jobs/view/3699076767/?trk=jobs_biz_prem_srch
2649397,1441,google,3699076758,"Staff Connectivity Security Researcher, Google Pixel",,"Atlanta, GA",FULL_TIME,,IT ENG,283000.0,,185000.0,4.0,4.0,4.0,https://www.linkedin.com/jobs/view/3699076758/?trk=jobs_biz_prem_srch
2649398,1441,google,3699076648,Senior Data Scientist,Mid-Senior level,"Kirkland, WA",FULL_TIME,,GENB STRA CNSL,220000.0,,146000.0,4.0,4.0,4.0,https://www.linkedin.com/jobs/view/3699076648/?trk=jobs_biz_prem_srch
2649399,1441,google,3699075804,"Technical Program Manager III, Cloud Networking, Edge Capacity",,"Addison, TX",FULL_TIME,,PRJM STRA OTHR,208000.0,,139000.0,4.0,4.0,4.0,https://www.linkedin.com/jobs/view/3699075804/?trk=jobs_biz_prem_srch
2649400,1441,google,3699075720,"Data Center Technician, Global Server Operations, Machine Learning",,"Bridgeport, AL",FULL_TIME,,IT ENG,105000.0,,63000.0,4.0,4.0,4.0,https://www.linkedin.com/jobs/view/3699075720/?trk=jobs_biz_prem_srch
2649401,1441,google,3699075689,Senior Data Scientist,Mid-Senior level,"Seattle, WA",FULL_TIME,,GENB STRA CNSL,220000.0,,146000.0,4.0,4.0,4.0,https://www.linkedin.com/jobs/view/3699075689/?trk=jobs_biz_prem_srch
2649402,1441,google,3699075688,Senior Data Scientist,Mid-Senior level,"San Jose, CA",FULL_TIME,,GENB STRA CNSL,220000.0,,146000.0,4.0,4.0,4.0,https://www.linkedin.com/jobs/view/3699075688/?trk=jobs_biz_prem_srch
2649403,1441,google,3699075684,"UX Program Manager, Pixel",,"Mountain View, CA",FULL_TIME,,PRJM STRA OTHR,167000.0,,114000.0,4.0,4.0,4.0,https://www.linkedin.com/jobs/view/3699075684/?trk=jobs_biz_prem_srch
2649404,1441,google,3699075680,"Cloud Customer Engineer, Data Management, Google Cloud",,"New York, NY",FULL_TIME,,PRJM CNSL ENG,177000.0,,118000.0,4.0,4.0,4.0,https://www.linkedin.com/jobs/view/3699075680/?trk=jobs_biz_prem_srch
2649405,1441,google,3699074783,"Technical Program Manager III, Cloud Networking, Edge Capacity",,"Cambridge, MA",FULL_TIME,,PRJM STRA OTHR,208000.0,,139000.0,4.0,4.0,4.0,https://www.linkedin.com/jobs/view/3699074783/?trk=jobs_biz_prem_srch
2649406,1441,google,3699074702,Senior Data Scientist,Mid-Senior level,"Mountain View, CA",FULL_TIME,,GENB STRA CNSL,220000.0,,146000.0,4.0,4.0,4.0,https://www.linkedin.com/jobs/view/3699074702/?trk=jobs_biz_prem_srch
2649407,1441,google,3699074700,"Interaction Designer, Google Cloud",,"New York, NY",FULL_TIME,,ART DSGN ENG,172000.0,,118000.0,4.0,4.0,4.0,https://www.linkedin.com/jobs/view/3699074700/?trk=jobs_biz_prem_srch
2649408,1441,google,3697392139,"Technical Program Manager III, Architecture, Engineering, and Accreditation, Public Sector",,"Austin, TX",FULL_TIME,,PRJM STRA OTHR,208000.0,,139000.0,4.0,4.0,4.0,https://www.linkedin.com/jobs/view/3697392139/?trk=jobs_biz_prem_srch
2649409,1441,google,3697391051,"Business Partner, Acquisitions, Google Customer Solutions",,"New York, NY",FULL_TIME,,GENB STRA CNSL,165000.0,,113000.0,4.0,4.0,4.0,https://www.linkedin.com/jobs/view/3697391051/?trk=jobs_biz_prem_srch
2649410,1441,google,3697390043,"Staff Software Engineer, Infrastructure, Google Cloud Security and Privacy",,"Sunnyvale, CA",FULL_TIME,,IT ENG,283000.0,,185000.0,4.0,4.0,4.0,https://www.linkedin.com/jobs/view/3697390043/?trk=jobs_biz_prem_srch
2649411,1441,google,3697390033,"Technical Lead, Networking, Pixel Connectivity",Mid-Senior level,"Mountain View, CA",FULL_TIME,,IT ENG,283000.0,,185000.0,4.0,4.0,4.0,https://www.linkedin.com/jobs/view/3697390033/?trk=jobs_biz_prem_srch
2649412,1441,google,3697389496,"Senior Product Manager, Project Starline",Mid-Senior level,"Mountain View, CA",FULL_TIME,,PRDM ENG,252000.0,,164000.0,4.0,4.0,4.0,https://www.linkedin.com/jobs/view/3697389496/?trk=jobs_biz_prem_srch
2649413,1441,google,3697389334,"AI Consultant, Google Cloud",,"Chicago, IL",FULL_TIME,,PRJM CNSL ENG,315000.0,,215000.0,4.0,4.0,4.0,https://www.linkedin.com/jobs/view/3697389334/?trk=jobs_biz_prem_srch
2649414,1441,google,3697389332,"AI Consultant, Google Cloud",,"Irvine, CA",FULL_TIME,,PRJM CNSL ENG,315000.0,,215000.0,4.0,4.0,4.0,https://www.linkedin.com/jobs/view/3697389332/?trk=jobs_biz_prem_srch
2649415,1441,google,3697389290,"Director, Customer Engineering, Apigee, Google Cloud",Director,"Seattle, WA",FULL_TIME,,SALE GENB CUST,320000.0,,218000.0,4.0,4.0,4.0,https://www.linkedin.com/jobs/view/3697389290/?trk=jobs_biz_prem_srch
2649416,1441,google,3697388415,"AI Consultant, Google Cloud",,"Los Angeles, CA",FULL_TIME,,PRJM CNSL ENG,315000.0,,215000.0,4.0,4.0,4.0,https://www.linkedin.com/jobs/view/3697388415/?trk=jobs_biz_prem_srch
2649417,1441,google,3697388374,"Director, Customer Engineering, Apigee, Google Cloud",Director,"Atlanta, GA",FULL_TIME,,SALE GENB CUST,320000.0,,218000.0,4.0,4.0,4.0,https://www.linkedin.com/jobs/view/3697388374/?trk=jobs_biz_prem_srch
2649418,1441,google,3697388372,"Director, Customer Engineering, Apigee, Google Cloud",Director,"New York, NY",FULL_TIME,,SALE GENB CUST,320000.0,,218000.0,4.0,4.0,4.0,https://www.linkedin.com/jobs/view/3697388372/?trk=jobs_biz_prem_srch
2649419,1441,google,3697388365,"Hardware Architect, Machine Learning, Technical Infrastructure",,"Sunnyvale, CA",FULL_TIME,,OTHR IT ENG,220000.0,,146000.0,4.0,4.0,4.0,https://www.linkedin.com/jobs/view/3697388365/?trk=jobs_biz_prem_srch
2649420,1441,google,3697388363,"Strategy Manager, Google Workspace",,"New York, NY",FULL_TIME,,GENB STRA CNSL,194000.0,,130000.0,4.0,4.0,4.0,https://www.linkedin.com/jobs/view/3697388363/?trk=jobs_biz_prem_srch
2649421,1441,google,3697388362,"Strategy Manager, Google Workspace",,"Seattle, WA",FULL_TIME,,GENB STRA CNSL,194000.0,,130000.0,4.0,4.0,4.0,https://www.linkedin.com/jobs/view/3697388362/?trk=jobs_biz_prem_srch
2649422,1441,google,3697388358,"Software Engineer III, Hardware/Software Co-Design",,"Durham, NC",FULL_TIME,,IT ENG,194000.0,,133000.0,4.0,4.0,4.0,https://www.linkedin.com/jobs/view/3697388358/?trk=jobs_biz_prem_srch
2649423,1441,google,3697388357,"Technical Lead, Networking, Pixel Connectivity",Mid-Senior level,"Atlanta, GA",FULL_TIME,,IT ENG,283000.0,,185000.0,4.0,4.0,4.0,https://www.linkedin.com/jobs/view/3697388357/?trk=jobs_biz_prem_srch
2649424,1441,google,3697387506,"Strategy Manager, Google Workspace",,"Kirkland, WA",FULL_TIME,,GENB STRA CNSL,194000.0,,130000.0,4.0,4.0,4.0,https://www.linkedin.com/jobs/view/3697387506/?trk=jobs_biz_prem_srch
2649425,1441,google,3697387505,"Principal Architect, Google Cloud",Director,"Sunnyvale, CA",FULL_TIME,,SALE GENB CUST,213000.0,,139000.0,4.0,4.0,4.0,https://www.linkedin.com/jobs/view/3697387505/?trk=jobs_biz_prem_srch
2649426,1441,google,3697387501,"Staff Software Engineer, Google Cloud Unified Fulfillment Optimization",,"Kirkland, WA",FULL_TIME,,IT ENG,283000.0,,185000.0,4.0,4.0,4.0,https://www.linkedin.com/jobs/view/3697387501/?trk=jobs_biz_prem_srch
2649427,1441,google,3697387500,"Staff Software Engineer, Google Cloud Unified Fulfillment Optimization",,"Sunnyvale, CA",FULL_TIME,,IT ENG,283000.0,,185000.0,4.0,4.0,4.0,https://www.linkedin.com/jobs/view/3697387500/?trk=jobs_biz_prem_srch
2649428,1441,google,3697387499,"Staff Software Engineer, Google Cloud Unified Fulfillment Optimization",,"New York, NY",FULL_TIME,,IT ENG,283000.0,,185000.0,4.0,4.0,4.0,https://www.linkedin.com/jobs/view/3697387499/?trk=jobs_biz_prem_srch
2649429,1441,google,3697386618,"Director, Customer Engineering, Apigee, Google Cloud",Director,"West Jordan, UT",FULL_TIME,,SALE GENB CUST,320000.0,,218000.0,4.0,4.0,4.0,https://www.linkedin.com/jobs/view/3697386618/?trk=jobs_biz_prem_srch
2649430,1441,google,3697386607,"Staff Software Engineer, Google Cloud Unified Fulfillment Optimization",,"Pittsburgh, PA",FULL_TIME,,IT ENG,283000.0,,185000.0,4.0,4.0,4.0,https://www.linkedin.com/jobs/view/3697386607/?trk=jobs_biz_prem_srch
2649431,1441,google,3697386606,"Senior Visual Designer, Pixel",Mid-Senior level,"Mountain View, CA",FULL_TIME,,ART DSGN ENG,208000.0,,139000.0,4.0,4.0,4.0,https://www.linkedin.com/jobs/view/3697386606/?trk=jobs_biz_prem_srch
2649432,1441,google,3697385960,"Technical Program Manager III, Architecture, Engineering, and Accreditation, Public Sector",,"Seattle, WA",FULL_TIME,,PRJM STRA OTHR,208000.0,,139000.0,4.0,4.0,4.0,https://www.linkedin.com/jobs/view/3697385960/?trk=jobs_biz_prem_srch
2649433,1441,google,3697385942,"SoC Product and Yield Engineer, Google Cloud",,"Sunnyvale, CA",FULL_TIME,,OTHR IT ENG,220000.0,,146000.0,4.0,4.0,4.0,https://www.linkedin.com/jobs/view/3697385942/?trk=jobs_biz_prem_srch
2649434,1441,google,3697385727,"Enterprise Field Sales Representative, Google Cloud",,"Miami, FL",FULL_TIME,,SALE ADVR CUST,163000.0,,106000.0,4.0,4.0,4.0,https://www.linkedin.com/jobs/view/3697385727/?trk=jobs_biz_prem_srch
2649435,1441,google,3697385638,"Director, Customer Engineering, Apigee, Google Cloud",Director,"Kirkland, WA",FULL_TIME,,SALE GENB CUST,320000.0,,218000.0,4.0,4.0,4.0,https://www.linkedin.com/jobs/view/3697385638/?trk=jobs_biz_prem_srch
2649436,1441,google,3697385636,"MicroLED Test Engineer, Augmented Reality",,"Fremont, CA",FULL_TIME,,OTHR IT ENG,212000.0,,141000.0,4.0,4.0,4.0,https://www.linkedin.com/jobs/view/3697385636/?trk=jobs_biz_prem_srch
2649437,1441,google,3697385634,"Software Engineer III, Hardware/Software Co-Design",,"Sunnyvale, CA",FULL_TIME,,IT ENG,194000.0,,133000.0,4.0,4.0,4.0,https://www.linkedin.com/jobs/view/3697385634/?trk=jobs_biz_prem_srch
2649438,1441,google,3697385633,"Technical Lead, Networking, Pixel Connectivity",Mid-Senior level,"Chicago, IL",FULL_TIME,,IT ENG,283000.0,,185000.0,4.0,4.0,4.0,https://www.linkedin.com/jobs/view/3697385633/?trk=jobs_biz_prem_srch
2649439,1441,google,3697384982,"Business Partner, Acquisitions, Google Customer Solutions",,"San Francisco, CA",FULL_TIME,,GENB STRA CNSL,165000.0,,113000.0,4.0,4.0,4.0,https://www.linkedin.com/jobs/view/3697384982/?trk=jobs_biz_prem_srch
2649440,1441,google,3697384891,"AI Consultant, Google Cloud",,"Seattle, WA",FULL_TIME,,PRJM CNSL ENG,315000.0,,215000.0,4.0,4.0,4.0,https://www.linkedin.com/jobs/view/3697384891/?trk=jobs_biz_prem_srch
2649441,1441,google,3697384856,"Program Manager III, Architecture, Engineering, Accreditation, Public Sector",,"Seattle, WA",FULL_TIME,,PRJM STRA OTHR,203000.0,,136000.0,4.0,4.0,4.0,https://www.linkedin.com/jobs/view/3697384856/?trk=jobs_biz_prem_srch
2649442,1441,google,3697384842,"Staff Software Engineer, Infrastructure, Google Cloud Application Modernization",,"Seattle, WA",FULL_TIME,,IT ENG,283000.0,,185000.0,4.0,4.0,4.0,https://www.linkedin.com/jobs/view/3697384842/?trk=jobs_biz_prem_srch
2649443,1441,google,3697383908,"Director, Customer Engineering, Apigee, Google Cloud",Director,"Portland, OR",FULL_TIME,,SALE GENB CUST,320000.0,,218000.0,4.0,4.0,4.0,https://www.linkedin.com/jobs/view/3697383908/?trk=jobs_biz_prem_srch
2649444,1441,google,3697383897,"Software Engineer III, Hardware/Software Co-Design",,"Raleigh, NC",FULL_TIME,,IT ENG,194000.0,,133000.0,4.0,4.0,4.0,https://www.linkedin.com/jobs/view/3697383897/?trk=jobs_biz_prem_srch
2649445,1441,google,3696990096,"Technical Program Manager Lead, CPU",Mid-Senior level,"Austin, TX",FULL_TIME,,PRJM STRA OTHR,306000.0,,208000.0,4.0,4.0,4.0,https://www.linkedin.com/jobs/view/3696990096/?trk=jobs_biz_prem_srch
2649446,1441,google,3696988111,"Hardware Validation Engineer, Google Cloud",,"Mountain View, CA",FULL_TIME,,OTHR IT ENG,175000.0,,119000.0,4.0,4.0,4.0,https://www.linkedin.com/jobs/view/3696988111/?trk=jobs_biz_prem_srch
2649447,1441,google,3696987546,"Technical Program Manager Lead, CPU",Mid-Senior level,"Mountain View, CA",FULL_TIME,,PRJM STRA OTHR,306000.0,,208000.0,4.0,4.0,4.0,https://www.linkedin.com/jobs/view/3696987546/?trk=jobs_biz_prem_srch
4364563,1603,astrazeneca,3756148178,"Pharmaceutical Sales Specialist, Cardiovascular Specialty-Los Angeles East, CA",Associate,"Los Angeles, CA",FULL_TIME,,SALE,,,,3.0,3.0,2.0,https://www.linkedin.com/jobs/view/3756148178/?trk=jobs_biz_prem_srch
4364564,1603,astrazeneca,3756146392,"Associate Director, Capacity Management",Associate,"Gaithersburg, MD",FULL_TIME,,BD SALE,,,,3.0,3.0,2.0,https://www.linkedin.com/jobs/view/3756146392/?trk=jobs_biz_prem_srch
4364565,1603,astrazeneca,3753091669,Administrative Coordinator - BioPharma R&D,Entry level,"Waltham, MA",FULL_TIME,,ADM,,,,3.0,3.0,2.0,https://www.linkedin.com/jobs/view/3753091669/?trk=jobs_biz_prem_srch
4364566,1603,astrazeneca,3753091666,"HCP Marketing Manager, COVID-19",Associate,"Wilmington, DE",FULL_TIME,,MRKT SALE,,,,3.0,3.0,2.0,https://www.linkedin.com/jobs/view/3753091666/?trk=jobs_biz_prem_srch
4364567,1603,astrazeneca,3753090901,District Sales Manager - Primary Care CVRM - Albany GA,Associate,"Tallahassee, FL",FULL_TIME,,SALE,,,,3.0,3.0,2.0,https://www.linkedin.com/jobs/view/3753090901/?trk=jobs_biz_prem_srch
4364568,1603,astrazeneca,3699421003,Director of Global Project Management,Mid-Senior level,"Gaithersburg, MD",FULL_TIME,,PRJM IT,,,,3.0,3.0,2.0,https://www.linkedin.com/jobs/view/3699421003/?trk=jobs_biz_prem_srch
4364569,1603,astrazeneca,3699414012,Pharmaceutical Sales Specialist - R&I Primary Care (Raleigh NC),Associate,"Raleigh, NC",FULL_TIME,,SALE,,,,3.0,3.0,2.0,https://www.linkedin.com/jobs/view/3699414012/?trk=jobs_biz_prem_srch
4364570,1603,astrazeneca,3697381079,"Respiratory Specialty Pharmaceutical Sales Specialist -Akron, OH",Associate,"Akron, OH",FULL_TIME,,SALE,,,,3.0,3.0,2.0,https://www.linkedin.com/jobs/view/3697381079/?trk=jobs_biz_prem_srch
4364571,1603,astrazeneca,3697380169,QA Specialist - Formulation & Fill OTF,Entry level,"Philadelphia, PA",FULL_TIME,,QA,,,,3.0,3.0,2.0,https://www.linkedin.com/jobs/view/3697380169/?trk=jobs_biz_prem_srch
4364572,1603,astrazeneca,3697380165,Scientist – Hybridoma Technology,Entry level,"Gaithersburg, MD",FULL_TIME,,RSCH ANLS IT,,,,3.0,3.0,2.0,https://www.linkedin.com/jobs/view/3697380165/?trk=jobs_biz_prem_srch
4364573,1603,astrazeneca,3697380164,Pharmaceutical Sales Specialist- Primary Care- Jacksonville SW-1,Associate,"Jacksonville, FL",FULL_TIME,,SALE,,,,3.0,3.0,2.0,https://www.linkedin.com/jobs/view/3697380164/?trk=jobs_biz_prem_srch
4364574,1603,astrazeneca,3697379379,SAP S/4HANA Data Design Lead – Order & Distribution to Cash,Mid-Senior level,"Wilmington, DE",FULL_TIME,,IT,,,,3.0,3.0,2.0,https://www.linkedin.com/jobs/view/3697379379/?trk=jobs_biz_prem_srch
4364575,1603,astrazeneca,3697379366,"Pharmaceutical Sales Representative - Primary Care - Joliet, IL",Associate,"Joliet, IL",FULL_TIME,,SALE,,,,3.0,3.0,2.0,https://www.linkedin.com/jobs/view/3697379366/?trk=jobs_biz_prem_srch
4364576,1603,astrazeneca,3697379365,"Scientist, Molecular Biology, Antibody Discovery",Entry level,"Gaithersburg, MD",FULL_TIME,,RSCH ANLS IT,,,,3.0,3.0,2.0,https://www.linkedin.com/jobs/view/3697379365/?trk=jobs_biz_prem_srch
4364577,1603,astrazeneca,3697378445,Head of Global Planning Transformation,Director,"Wilmington, DE",FULL_TIME,,MGMT MNFC,,,,3.0,3.0,2.0,https://www.linkedin.com/jobs/view/3697378445/?trk=jobs_biz_prem_srch
4364578,1603,astrazeneca,3697377459,Quality Assurance Specialist III/IV,Associate,"Frederick, MD",FULL_TIME,,QA,,,,3.0,3.0,2.0,https://www.linkedin.com/jobs/view/3697377459/?trk=jobs_biz_prem_srch
4364579,1603,astrazeneca,3697376713,QA Specialist II- Lab Quality,Entry level,"Gaithersburg, MD",FULL_TIME,,QA,,,,3.0,3.0,2.0,https://www.linkedin.com/jobs/view/3697376713/?trk=jobs_biz_prem_srch
4364580,1603,astrazeneca,3697376707,"Renal Specialty Sales Specialist - Seattle, WA",Associate,"Seattle, WA",FULL_TIME,,SALE,165000.0,,94000.0,3.0,3.0,2.0,https://www.linkedin.com/jobs/view/3697376707/?trk=jobs_biz_prem_srch
4364581,1603,astrazeneca,3697376706,Associate Scientist Cell Therapy Formulation Development,Entry level,"Gaithersburg, MD",FULL_TIME,,RSCH ANLS IT,,,,3.0,3.0,2.0,https://www.linkedin.com/jobs/view/3697376706/?trk=jobs_biz_prem_srch
4364582,1603,astrazeneca,3697375911,"Director, OBU Data Science & AI",Mid-Senior level,"Wilmington, DE",FULL_TIME,,ENG IT,,,,3.0,3.0,2.0,https://www.linkedin.com/jobs/view/3697375911/?trk=jobs_biz_prem_srch
4364583,1603,astrazeneca,3697375812,Head of Global Planning Transformation,Director,"Gaithersburg, MD",FULL_TIME,,MGMT MNFC,,,,3.0,3.0,2.0,https://www.linkedin.com/jobs/view/3697375812/?trk=jobs_biz_prem_srch
4364584,1603,astrazeneca,3697375804,Senior Business Accountant,Associate,"Wilmington, DE",FULL_TIME,,FIN,,,,3.0,3.0,2.0,https://www.linkedin.com/jobs/view/3697375804/?trk=jobs_biz_prem_srch
4364585,1603,astrazeneca,3697375803,"Pharmaceutical Sales Specialist, Primary Care - Jacksonville FL-North",Associate,"Jacksonville, FL",FULL_TIME,,SALE,,,,3.0,3.0,2.0,https://www.linkedin.com/jobs/view/3697375803/?trk=jobs_biz_prem_srch
4364586,1603,astrazeneca,3697375802,"Field Design & Evaluation, Associate Director",Associate,"Wilmington, DE",FULL_TIME,,DSGN ART IT,,,,3.0,3.0,2.0,https://www.linkedin.com/jobs/view/3697375802/?trk=jobs_biz_prem_srch
4364587,1603,astrazeneca,3697374897,Associate Scientist/Scientist (Cell and Gene Therapy),Entry level,"Gaithersburg, MD",FULL_TIME,,RSCH ANLS IT,,,,3.0,3.0,2.0,https://www.linkedin.com/jobs/view/3697374897/?trk=jobs_biz_prem_srch
4466538,2137,pearson,3748840546,Higher Education e-Learning Products - Field Sales Representative - Atlanta area,,"Atlanta, GA",FULL_TIME,1.0,SALE BD,,,,3.0,3.0,3.0,https://www.linkedin.com/jobs/view/3748840546/?trk=jobs_biz_prem_srch
4466539,2137,pearson,3693598164,"Test Administrator - Sacramento, CA",,"Sacramento, CA",PART_TIME,,OTHR,,16.5,,3.0,3.0,3.0,https://www.linkedin.com/jobs/view/3693598164/?trk=jobs_biz_prem_srch
4466540,2137,pearson,3693071029,Scoring Content Specialist,,"Boise, ID",FULL_TIME,,MRKT PR WRT,60000.0,,55000.0,3.0,3.0,3.0,https://www.linkedin.com/jobs/view/3693071029/?trk=jobs_biz_prem_srch
4466541,2137,pearson,3693071021,Scoring Content Specialist,,"Harrisburg, PA",FULL_TIME,,MRKT PR WRT,60000.0,,55000.0,3.0,3.0,3.0,https://www.linkedin.com/jobs/view/3693071021/?trk=jobs_biz_prem_srch
4466542,2137,pearson,3693071018,Scoring Content Specialist,,"Richmond, VA",FULL_TIME,,MRKT PR WRT,60000.0,,55000.0,3.0,3.0,3.0,https://www.linkedin.com/jobs/view/3693071018/?trk=jobs_biz_prem_srch
4466543,2137,pearson,3693071014,Scoring Content Specialist,,"Denver, CO",FULL_TIME,,MRKT PR WRT,60000.0,,55000.0,3.0,3.0,3.0,https://www.linkedin.com/jobs/view/3693071014/?trk=jobs_biz_prem_srch
4466544,2137,pearson,3693071007,Scoring Content Specialist,,"Springfield, IL",FULL_TIME,,MRKT PR WRT,60000.0,,55000.0,3.0,3.0,3.0,https://www.linkedin.com/jobs/view/3693071007/?trk=jobs_biz_prem_srch
4466545,2137,pearson,3693071004,Scoring Content Specialist,,"Austin, TX",FULL_TIME,,MRKT PR WRT,60000.0,,55000.0,3.0,3.0,3.0,https://www.linkedin.com/jobs/view/3693071004/?trk=jobs_biz_prem_srch
4466546,2137,pearson,3693070038,Scoring Content Specialist,,United States,FULL_TIME,1.0,MRKT PR WRT,60000.0,,55000.0,3.0,3.0,3.0,https://www.linkedin.com/jobs/view/3693070038/?trk=jobs_biz_prem_srch
4466547,2137,pearson,3693070037,Scoring Content Specialist,,"Lansing, MI",FULL_TIME,,MRKT PR WRT,60000.0,,55000.0,3.0,3.0,3.0,https://www.linkedin.com/jobs/view/3693070037/?trk=jobs_biz_prem_srch
4466548,2137,pearson,3693070028,Scoring Content Specialist,,"Hartford, CT",FULL_TIME,,MRKT PR WRT,60000.0,,55000.0,3.0,3.0,3.0,https://www.linkedin.com/jobs/view/3693070028/?trk=jobs_biz_prem_srch
4466549,2137,pearson,3693069057,Scoring Content Specialist,,"Indianapolis, IN",FULL_TIME,,MRKT PR WRT,60000.0,,55000.0,3.0,3.0,3.0,https://www.linkedin.com/jobs/view/3693069057/?trk=jobs_biz_prem_srch
4466550,2137,pearson,3693069051,Scoring Content Specialist,,"Jackson, MS",FULL_TIME,,MRKT PR WRT,60000.0,,55000.0,3.0,3.0,3.0,https://www.linkedin.com/jobs/view/3693069051/?trk=jobs_biz_prem_srch
4466551,2137,pearson,3693069050,Scoring Content Specialist,,"Albany, NY",FULL_TIME,,MRKT PR WRT,60000.0,,55000.0,3.0,3.0,3.0,https://www.linkedin.com/jobs/view/3693069050/?trk=jobs_biz_prem_srch
4466552,2137,pearson,3693069048,Scoring Content Specialist,,"Frankfort, KY",FULL_TIME,,MRKT PR WRT,60000.0,,55000.0,3.0,3.0,3.0,https://www.linkedin.com/jobs/view/3693069048/?trk=jobs_biz_prem_srch
4466553,2137,pearson,3693069042,Scoring Content Specialist,,"Nashville, TN",FULL_TIME,,MRKT PR WRT,60000.0,,55000.0,3.0,3.0,3.0,https://www.linkedin.com/jobs/view/3693069042/?trk=jobs_biz_prem_srch
4466554,2137,pearson,3693068100,Scoring Content Specialist,,"Raleigh, NC",FULL_TIME,,MRKT PR WRT,60000.0,,55000.0,3.0,3.0,3.0,https://www.linkedin.com/jobs/view/3693068100/?trk=jobs_biz_prem_srch
4466555,2137,pearson,3693068097,Scoring Content Specialist,,"Montgomery, AL",FULL_TIME,,MRKT PR WRT,60000.0,,55000.0,3.0,3.0,3.0,https://www.linkedin.com/jobs/view/3693068097/?trk=jobs_biz_prem_srch
4466556,2137,pearson,3693068092,Scoring Content Specialist,,"Salt Lake City, UT",FULL_TIME,,MRKT PR WRT,60000.0,,55000.0,3.0,3.0,3.0,https://www.linkedin.com/jobs/view/3693068092/?trk=jobs_biz_prem_srch
4466557,2137,pearson,3693068088,Scoring Content Specialist,,"Trenton, NJ",FULL_TIME,,MRKT PR WRT,60000.0,,55000.0,3.0,3.0,3.0,https://www.linkedin.com/jobs/view/3693068088/?trk=jobs_biz_prem_srch
4466558,2137,pearson,3693068085,Scoring Content Specialist,,"Carson City, NV",FULL_TIME,,MRKT PR WRT,60000.0,,55000.0,3.0,3.0,3.0,https://www.linkedin.com/jobs/view/3693068085/?trk=jobs_biz_prem_srch
4466559,2137,pearson,3693067570,Scoring Content Specialist,,"Providence, RI",FULL_TIME,,MRKT PR WRT,60000.0,,55000.0,3.0,3.0,3.0,https://www.linkedin.com/jobs/view/3693067570/?trk=jobs_biz_prem_srch
4466560,2137,pearson,3693067567,Scoring Content Specialist,,"Bismarck, ND",FULL_TIME,,MRKT PR WRT,60000.0,,55000.0,3.0,3.0,3.0,https://www.linkedin.com/jobs/view/3693067567/?trk=jobs_biz_prem_srch
4466561,2137,pearson,3693067559,Scoring Content Specialist,,"Cheyenne, WY",FULL_TIME,,MRKT PR WRT,60000.0,,55000.0,3.0,3.0,3.0,https://www.linkedin.com/jobs/view/3693067559/?trk=jobs_biz_prem_srch
4466562,2137,pearson,3693066743,Scoring Content Specialist,,"Phoenix, AZ",FULL_TIME,,MRKT PR WRT,60000.0,,55000.0,3.0,3.0,3.0,https://www.linkedin.com/jobs/view/3693066743/?trk=jobs_biz_prem_srch
4466563,2137,pearson,3693066741,Scoring Content Specialist,,"Dover, DE",FULL_TIME,,MRKT PR WRT,60000.0,,55000.0,3.0,3.0,3.0,https://www.linkedin.com/jobs/view/3693066741/?trk=jobs_biz_prem_srch
4466564,2137,pearson,3693066735,Scoring Content Specialist,,"Santa Fe, NM",FULL_TIME,,MRKT PR WRT,60000.0,,55000.0,3.0,3.0,3.0,https://www.linkedin.com/jobs/view/3693066735/?trk=jobs_biz_prem_srch
4466565,2137,pearson,3693066724,Scoring Content Specialist,,"Sacramento, CA",FULL_TIME,,MRKT PR WRT,60000.0,,55000.0,3.0,3.0,3.0,https://www.linkedin.com/jobs/view/3693066724/?trk=jobs_biz_prem_srch
4466566,2137,pearson,3693066722,Scoring Content Specialist,,"Augusta, ME",FULL_TIME,,MRKT PR WRT,60000.0,,55000.0,3.0,3.0,3.0,https://www.linkedin.com/jobs/view/3693066722/?trk=jobs_biz_prem_srch
4466567,2137,pearson,3693065828,Scoring Content Specialist,,"Oklahoma City, OK",FULL_TIME,,MRKT PR WRT,60000.0,,55000.0,3.0,3.0,3.0,https://www.linkedin.com/jobs/view/3693065828/?trk=jobs_biz_prem_srch
4466568,2137,pearson,3693065823,Scoring Content Specialist,,"Salem, OR",FULL_TIME,,MRKT PR WRT,60000.0,,55000.0,3.0,3.0,3.0,https://www.linkedin.com/jobs/view/3693065823/?trk=jobs_biz_prem_srch
4466569,2137,pearson,3693065820,Scoring Content Specialist,,"Columbia, SC",FULL_TIME,,MRKT PR WRT,60000.0,,55000.0,3.0,3.0,3.0,https://www.linkedin.com/jobs/view/3693065820/?trk=jobs_biz_prem_srch
4466570,2137,pearson,3693065817,Scoring Content Specialist,,"Olympia, WA",FULL_TIME,,MRKT PR WRT,60000.0,,55000.0,3.0,3.0,3.0,https://www.linkedin.com/jobs/view/3693065817/?trk=jobs_biz_prem_srch
4466571,2137,pearson,3693065811,Scoring Content Specialist,,"Pierre, SD",FULL_TIME,,MRKT PR WRT,60000.0,,55000.0,3.0,3.0,3.0,https://www.linkedin.com/jobs/view/3693065811/?trk=jobs_biz_prem_srch
4466572,2137,pearson,3693064822,Scoring Content Specialist,,"Juneau, AK",FULL_TIME,,MRKT PR WRT,60000.0,,55000.0,3.0,3.0,3.0,https://www.linkedin.com/jobs/view/3693064822/?trk=jobs_biz_prem_srch
4466573,2137,pearson,3693064821,Scoring Content Specialist,,"Jefferson City, MO",FULL_TIME,,MRKT PR WRT,60000.0,,55000.0,3.0,3.0,3.0,https://www.linkedin.com/jobs/view/3693064821/?trk=jobs_biz_prem_srch
4466574,2137,pearson,3693064820,Scoring Content Specialist,,"Little Rock, AR",FULL_TIME,,MRKT PR WRT,60000.0,,55000.0,3.0,3.0,3.0,https://www.linkedin.com/jobs/view/3693064820/?trk=jobs_biz_prem_srch
4466575,2137,pearson,3693064817,Scoring Content Specialist,,"Charleston, WV",FULL_TIME,,MRKT PR WRT,60000.0,,55000.0,3.0,3.0,3.0,https://www.linkedin.com/jobs/view/3693064817/?trk=jobs_biz_prem_srch
4949796,3185,salesforce,3757770018,Senior Policy Manager - Slack,,"Portland, OR",FULL_TIME,1.0,OTHR,219900.0,,133300.0,4.0,4.0,2.0,https://www.linkedin.com/jobs/view/3757770018/?trk=jobs_biz_prem_srch
4949797,3185,salesforce,3757765689,Signature Inside Sales Associate,,"Austin, TX",FULL_TIME,,SALE BD,122290.0,,83160.0,4.0,4.0,2.0,https://www.linkedin.com/jobs/view/3757765689/?trk=jobs_biz_prem_srch
4949798,3185,salesforce,3757764806,Senior Administrative Assistant,,"Chicago, IL",FULL_TIME,,ADM,,,,4.0,4.0,2.0,https://www.linkedin.com/jobs/view/3757764806/?trk=jobs_biz_prem_srch
4949799,3185,salesforce,3757700002,"Senior Director/Director of Product Management, Slack AI - Slack",,"Denver, CO",FULL_TIME,1.0,PRDM MRKT,355900.0,,175600.0,4.0,4.0,2.0,https://www.linkedin.com/jobs/view/3757700002/?trk=jobs_biz_prem_srch
4949800,3185,salesforce,3757498216,"Director, Technical Program Management- Salesforce AI",,"Bellevue, WA",FULL_TIME,,ENG IT,276800.0,,174900.0,4.0,4.0,2.0,https://www.linkedin.com/jobs/view/3757498216/?trk=jobs_biz_prem_srch
4949801,3185,salesforce,3757495857,Software Engineering AMTS/MTS (New Grad),,"Seattle, WA",FULL_TIME,,ENG IT,161000.0,,133000.0,4.0,4.0,2.0,https://www.linkedin.com/jobs/view/3757495857/?trk=jobs_biz_prem_srch
4949802,3185,salesforce,3757495735,Solution Engineer - East,,New York City Metropolitan Area,FULL_TIME,,ENG IT,155540.0,,72310.0,4.0,4.0,2.0,https://www.linkedin.com/jobs/view/3757495735/?trk=jobs_biz_prem_srch
4949803,3185,salesforce,3757494784,"Principal Researcher, Research & Insights",,"San Francisco, CA",FULL_TIME,,RSCH ANLS IT,305600.0,,188200.0,4.0,4.0,2.0,https://www.linkedin.com/jobs/view/3757494784/?trk=jobs_biz_prem_srch
4949804,3185,salesforce,3757492609,"Service Cloud - Sr. Manager, Product Strategy & Operations",,"San Francisco, CA",FULL_TIME,,PRDM MRKT,219900.0,,159900.0,4.0,4.0,2.0,https://www.linkedin.com/jobs/view/3757492609/?trk=jobs_biz_prem_srch
4949805,3185,salesforce,3756759133,"Staff Software Engineer, iOS Infrastructure",,"Miami, FL",FULL_TIME,1.0,ENG IT,254700.0,,175600.0,4.0,4.0,2.0,https://www.linkedin.com/jobs/view/3756759133/?trk=jobs_biz_prem_srch
4949806,3185,salesforce,3756757691,Senior Success Manager - Slack,,"Atlanta, GA",FULL_TIME,,OTHR,153700.0,,93100.0,4.0,4.0,2.0,https://www.linkedin.com/jobs/view/3756757691/?trk=jobs_biz_prem_srch
4949807,3185,salesforce,3756754836,"Data Cloud Senior Director, Market Strategy, Competitive Intelligence",,"San Francisco, CA",FULL_TIME,,BD SALE,314300.0,,206100.0,4.0,4.0,2.0,https://www.linkedin.com/jobs/view/3756754836/?trk=jobs_biz_prem_srch
4949808,3185,salesforce,3756754813,Art Director - Presentations,,"San Francisco, CA",FULL_TIME,,DSGN ART IT,180500.0,,131300.0,4.0,4.0,2.0,https://www.linkedin.com/jobs/view/3756754813/?trk=jobs_biz_prem_srch
5256762,162479,apple,3694126217,Software Platform UI Frameworks Screener - Apple Vision Pro,,"Cupertino, CA",FULL_TIME,,IT,241500.0,,132300.0,3.0,4.0,3.0,https://www.linkedin.com/jobs/view/3694126217/?trk=jobs_biz_prem_srch
5256763,162479,apple,3694125223,Product Design Engineer - Softgoods Engineering,,"Cupertino, CA",FULL_TIME,,ENG IT,256500.0,,138900.0,3.0,4.0,3.0,https://www.linkedin.com/jobs/view/3694125223/?trk=jobs_biz_prem_srch
5256764,162479,apple,3694125221,"Senior Manager - Maintenance Engineering, Maps",,"Cupertino, CA",FULL_TIME,,MGMT MNFC,364100.0,,210900.0,3.0,4.0,3.0,https://www.linkedin.com/jobs/view/3694125221/?trk=jobs_biz_prem_srch
5256765,162479,apple,3694125214,Wellbeing Product Specialist,,"Raleigh, NC",FULL_TIME,,SALE BD,,,,3.0,4.0,3.0,https://www.linkedin.com/jobs/view/3694125214/?trk=jobs_biz_prem_srch
5256766,162479,apple,3694124269,Power Integrity Engineer,,"Austin, TX",FULL_TIME,,ENG IT,,,,3.0,4.0,3.0,https://www.linkedin.com/jobs/view/3694124269/?trk=jobs_biz_prem_srch
5256767,162479,apple,3694124251,Acoustics Engineering Program Manager,,"Cupertino, CA",FULL_TIME,,PRJM IT,241500.0,,132300.0,3.0,4.0,3.0,https://www.linkedin.com/jobs/view/3694124251/?trk=jobs_biz_prem_srch
5256768,162479,apple,3694124250,Triage Engineer - Apple Vision Pro,,"Culver City, CA",FULL_TIME,,ENG IT,189500.0,,109000.0,3.0,4.0,3.0,https://www.linkedin.com/jobs/view/3694124250/?trk=jobs_biz_prem_srch
5256769,162479,apple,3694123258,HID - Embedded Firmware Engineer,,"Cupertino, CA",FULL_TIME,,ENG IT,208300.0,,116100.0,3.0,4.0,3.0,https://www.linkedin.com/jobs/view/3694123258/?trk=jobs_biz_prem_srch
5256770,162479,apple,3694123257,Cloud Engineer,,"Cupertino, CA",FULL_TIME,,ENG IT,208300.0,,116100.0,3.0,4.0,3.0,https://www.linkedin.com/jobs/view/3694123257/?trk=jobs_biz_prem_srch
5256771,162479,apple,3694123256,"AIML - Senior Data Infrastructure Software Engineer, Machine Learning Platform and Technology",,"Cupertino, CA",FULL_TIME,,ENG IT,364100.0,,199800.0,3.0,4.0,3.0,https://www.linkedin.com/jobs/view/3694123256/?trk=jobs_biz_prem_srch
5256772,162479,apple,3694120650,System Signal Integrity Engineer,,"Austin, TX",FULL_TIME,,ENG IT,,,,3.0,4.0,3.0,https://www.linkedin.com/jobs/view/3694120650/?trk=jobs_biz_prem_srch
5256773,162479,apple,3694120646,Hardware Systems Design Engineer - iPhone,,"Austin, TX",FULL_TIME,,ENG IT,,,,3.0,4.0,3.0,https://www.linkedin.com/jobs/view/3694120646/?trk=jobs_biz_prem_srch
5256774,162479,apple,3694120638,Wellbeing Product Specialist,,"Pittsburgh, PA",FULL_TIME,,SALE BD,,,,3.0,4.0,3.0,https://www.linkedin.com/jobs/view/3694120638/?trk=jobs_biz_prem_srch
5256775,162479,apple,3694119811,Battery Electrochemical Modeling Lead Engineer,,"Cupertino, CA",FULL_TIME,,ENG IT,300200.0,,170700.0,3.0,4.0,3.0,https://www.linkedin.com/jobs/view/3694119811/?trk=jobs_biz_prem_srch
5256776,162479,apple,3694119770,iPhone/iPad/AirPods System Design Engineer – Power Modeling,,"Austin, TX",FULL_TIME,,ENG IT,,,,3.0,4.0,3.0,https://www.linkedin.com/jobs/view/3694119770/?trk=jobs_biz_prem_srch
5603038,497017,morgan stanley,3757912515,Financial Advisor Associate,Mid-Senior level,"Des Moines, IA",FULL_TIME,,FIN SALE,,,,4.0,3.0,3.0,https://www.linkedin.com/jobs/view/3757912515/?trk=jobs_biz_prem_srch
5603039,497017,morgan stanley,3756114382,Risk Officer,,Greater Houston,FULL_TIME,,FIN ANLS,,,,4.0,3.0,3.0,https://www.linkedin.com/jobs/view/3756114382/?trk=jobs_biz_prem_srch
5603040,497017,morgan stanley,3756114380,"E*TRADE - Financial Services Representative - SIE (Sandy, UT)",,"Sandy, UT",FULL_TIME,,FIN ANLS,,,,4.0,3.0,3.0,https://www.linkedin.com/jobs/view/3756114380/?trk=jobs_biz_prem_srch
5603041,497017,morgan stanley,3756110967,Marketing Operations Associate,,"Boston, MA",FULL_TIME,,BD FIN CNSL,95000.0,,80000.0,4.0,3.0,3.0,https://www.linkedin.com/jobs/view/3756110967/?trk=jobs_biz_prem_srch
5603042,497017,morgan stanley,3701324493,Associate - IED - Regulatory Control Group,Associate,New York City Metropolitan Area,FULL_TIME,,FIN,180000.0,,120000.0,4.0,3.0,3.0,https://www.linkedin.com/jobs/view/3701324493/?trk=jobs_biz_prem_srch
5603043,497017,morgan stanley,3701318285,Cards Product Manager - AVP,Mid-Senior level,"New York, United States",FULL_TIME,,FIN,125000.0,,80000.0,4.0,3.0,3.0,https://www.linkedin.com/jobs/view/3701318285/?trk=jobs_biz_prem_srch
5603044,497017,morgan stanley,3699087265,Client Service Associate,,"New York, NY",FULL_TIME,,FIN ANLS,85000.0,,35000.0,4.0,3.0,3.0,https://www.linkedin.com/jobs/view/3699087265/?trk=jobs_biz_prem_srch
5603045,497017,morgan stanley,3699087235,Vendor Risk Manager - Vice President,,"New York, NY",FULL_TIME,,FIN ANLS,180000.0,,100000.0,4.0,3.0,3.0,https://www.linkedin.com/jobs/view/3699087235/?trk=jobs_biz_prem_srch
5603046,497017,morgan stanley,3699086237,Investment Analyst - Parametric,,"Minneapolis, MN",FULL_TIME,,BD FIN CNSL,,,,4.0,3.0,3.0,https://www.linkedin.com/jobs/view/3699086237/?trk=jobs_biz_prem_srch
5603047,497017,morgan stanley,3699086236,Client Service Associate*,,"Denver, CO",FULL_TIME,,FIN ANLS,70400.0,,58000.0,4.0,3.0,3.0,https://www.linkedin.com/jobs/view/3699086236/?trk=jobs_biz_prem_srch
5603048,497017,morgan stanley,3699085519,Private Wealth Management Registered Client Service Associate,,"Walnut Creek, CA",FULL_TIME,,FIN ANLS,85000.0,,35000.0,4.0,3.0,3.0,https://www.linkedin.com/jobs/view/3699085519/?trk=jobs_biz_prem_srch
5603049,497017,morgan stanley,3699084506,Internal Audit Director - U.S. Banks,,"New York, NY",FULL_TIME,,LGL FIN ACCT,180000.0,,130000.0,4.0,3.0,3.0,https://www.linkedin.com/jobs/view/3699084506/?trk=jobs_biz_prem_srch
5603050,497017,morgan stanley,3699082489,Threat Hunt Analyst,,"Baltimore, MD",FULL_TIME,,LGL TRNG IT,,,,4.0,3.0,3.0,https://www.linkedin.com/jobs/view/3699082489/?trk=jobs_biz_prem_srch
5603051,497017,morgan stanley,3699082487,Marketing and Advertising Communications Review Unit – Assistant Vice President,,"New York, NY",FULL_TIME,,FIN ANLS,135000.0,,85000.0,4.0,3.0,3.0,https://www.linkedin.com/jobs/view/3699082487/?trk=jobs_biz_prem_srch
5603052,497017,morgan stanley,3699081969,Virtual Client Registered Principal Compliance Reviewer,,"Temple Terrace, FL",FULL_TIME,,FIN ANLS,,,,4.0,3.0,3.0,https://www.linkedin.com/jobs/view/3699081969/?trk=jobs_biz_prem_srch
5603053,497017,morgan stanley,3698003052,"Business Development Manager, Central-Eastern NY",,Greater Syracuse-Auburn Area,FULL_TIME,,FIN ANLS,,,,4.0,3.0,3.0,https://www.linkedin.com/jobs/view/3698003052/?trk=jobs_biz_prem_srch
5603054,497017,morgan stanley,3697399550,Strategic Vendor Partnership Program Director,,"Alpharetta, GA",FULL_TIME,,BD ADM,,,,4.0,3.0,3.0,https://www.linkedin.com/jobs/view/3697399550/?trk=jobs_biz_prem_srch
5603055,497017,morgan stanley,3697397836,Quantitative Research Associate,,"New York, NY",FULL_TIME,,FIN SALE,,,,4.0,3.0,3.0,https://www.linkedin.com/jobs/view/3697397836/?trk=jobs_biz_prem_srch
